Pixel,WL,Used,ADC(1)
1,451.667,1,86.7768595
2,451.945,1,25.61983471
3,452.223,1,0
4,452.5,1,119.0082645
5,452.778,1,25.61983471
6,453.056,1,37.19008264
7,453.334,1,241.322314
8,453.611,1,180.9917355
9,453.889,1,199.1735537
10,454.167,1,187.6033058
11,454.445,1,224.7933884
12,454.722,1,317.3553719
13,455,1,188.4297521
14,455.278,1,263.6363636
15,455.556,1,207.4380165
16,455.834,1,356.1983471
17,456.111,1,381.8181818
18,456.389,1,266.1157025
19,456.667,1,585.9504132
20,456.945,1,528.9256198
21,457.222,1,538.8429752
22,457.5,1,357.8512397
23,457.778,1,518.1818182
24,458.056,1,756.1983471
25,458.333,1,567.768595
26,458.611,1,681.8181818
27,458.889,1,670.2479339
28,459.167,1,882.6446281
29,459.445,1,957.8512397
30,459.722,1,932.231405
31,460,1,1159.504132
32,460.278,1,1071.900826
33,460.556,1,996.6942149
34,460.833,1,1091.735537
35,461.111,1,1106.61157
36,461.389,1,1342.14876
37,461.667,1,1290.082645
38,461.945,1,1450.413223
39,462.222,1,1460.330579
40,462.5,1,1515.702479
41,462.778,1,1690.082645
42,463.056,1,1485.950413
43,463.333,1,1670.247934
44,463.611,1,1728.099174
45,463.889,1,1829.752066
46,464.167,1,2019.834711
47,464.445,1,2047.933884
48,464.722,1,2138.016529
49,465,1,2248.760331
50,465.278,1,1994.214876
51,465.556,1,2160.330579
52,465.833,1,2231.404959
53,466.111,1,2442.975207
54,466.389,1,2267.768595
55,466.667,1,2604.132231
56,466.945,1,2405.785124
57,467.222,1,2534.710744
58,467.5,1,2678.512397
59,467.778,1,2683.471074
60,468.056,1,2691.735537
61,468.333,1,2705.785124
62,468.611,1,2557.85124
63,468.889,1,2802.479339
64,469.167,1,2769.421488
65,469.445,1,3047.107438
66,469.722,1,2607.438017
67,470,1,3084.297521
68,470.244,1,2985.950413
69,470.488,1,3212.396694
70,470.732,1,2971.900826
71,470.976,1,3266.942149
72,471.22,1,3000
73,471.463,1,3263.636364
74,471.707,1,3357.024793
75,471.951,1,3400.826446
76,472.195,1,3443.801653
77,472.439,1,3291.735537
78,472.683,1,3388.429752
79,472.927,1,3553.719008
80,473.171,1,3303.305785
81,473.415,1,3401.652893
82,473.659,1,3500
83,473.902,1,3655.371901
84,474.146,1,3357.85124
85,474.39,1,3534.710744
86,474.634,1,3617.355372
87,474.878,1,3821.487603
88,475.122,1,3812.396694
89,475.366,1,3633.884298
90,475.61,1,3528.099174
91,475.854,1,3561.157025
92,476.098,1,3940.495868
93,476.342,1,3572.727273
94,476.585,1,3640.495868
95,476.829,1,3748.760331
96,477.073,1,3780.165289
97,477.317,1,3802.479339
98,477.561,1,3859.504132
99,477.805,1,4010.743802
100,478.049,1,3864.46281
101,478.293,1,4142.975207
102,478.537,1,3711.570248
103,478.781,1,3810.743802
104,479.024,1,3683.471074
105,479.268,1,4039.669421
106,479.512,1,4009.090909
107,479.756,1,4129.752066
108,480,1,3949.586777
109,480.25,1,3928.92562
110,480.5,1,4138.016529
111,480.75,1,4189.256198
112,481,1,4084.297521
113,481.25,1,4039.669421
114,481.5,1,4199.173554
115,481.75,1,4171.07438
116,482,1,4157.85124
117,482.25,1,4176.033058
118,482.5,1,4167.768595
119,482.75,1,4377.68595
120,483,1,3845.454545
121,483.25,1,4309.090909
122,483.5,1,4078.512397
123,483.75,1,4124.793388
124,484,1,4463.636364
125,484.25,1,4037.190083
126,484.5,1,4372.727273
127,484.75,1,4132.231405
128,485,1,4149.586777
129,485.25,1,4223.140496
130,485.5,1,4247.933884
131,485.75,1,4105.785124
132,486,1,4146.280992
133,486.25,1,4188.429752
134,486.5,1,4176.033058
135,486.75,1,4166.115702
136,487,1,4306.61157
137,487.25,1,4095.041322
138,487.5,1,4048.760331
139,487.75,1,3896.694215
140,488,1,3956.198347
141,488.25,1,3974.380165
142,488.5,1,3761.157025
143,488.75,1,3692.561983
144,489,1,3729.752066
145,489.25,1,3700.826446
146,489.5,1,3682.644628
147,489.75,1,3690.909091
148,490,1,3795.041322
149,490.217,1,3704.958678
150,490.435,1,3659.504132
151,490.652,1,3519.834711
152,490.87,1,3467.768595
153,491.087,1,3432.231405
154,491.304,1,3384.297521
155,491.522,1,3144.628099
156,491.739,1,2978.512397
157,491.957,1,3109.917355
158,492.174,1,3498.347107
159,492.391,1,3097.520661
160,492.609,1,2956.198347
161,492.826,1,2811.570248
162,493.044,1,2706.61157
163,493.261,1,2779.338843
164,493.478,1,2557.024793
165,493.696,1,2811.570248
166,493.913,1,2676.033058
167,494.13,1,2558.677686
168,494.348,1,2655.371901
169,494.565,1,2610.743802
170,494.783,1,2448.760331
171,495,1,2204.958678
172,495.217,1,2261.157025
173,495.435,1,2281.818182
174,495.652,1,2245.454545
175,495.87,1,2233.057851
176,496.087,1,2043.801653
177,496.304,1,2041.322314
178,496.522,1,2134.710744
179,496.739,1,2042.14876
180,496.957,1,1607.438017
181,497.174,1,1823.140496
182,497.391,1,1942.975207
183,497.609,1,1761.157025
184,497.826,1,1721.487603
185,498.044,1,1604.132231
186,498.261,1,1586.77686
187,498.478,1,1742.14876
188,498.696,1,1585.950413
189,498.913,1,1458.677686
190,499.13,1,1403.305785
191,499.348,1,1406.61157
192,499.565,1,1341.322314
193,499.783,1,1225.619835
194,500,1,1186.77686
195,500.27,1,1139.669421
196,500.541,1,1334.710744
197,500.811,1,1109.917355
198,501.081,1,1040.495868
199,501.351,1,1016.528926
200,501.622,1,819.8347107
201,501.892,1,887.6033058
202,502.162,1,795.8677686
203,502.432,1,906.6115702
204,502.703,1,981.8181818
205,502.973,1,924.7933884
206,503.243,1,821.4876033
207,503.514,1,680.1652893
208,503.784,1,829.7520661
209,504.054,1,664.4628099
210,504.324,1,656.1983471
211,504.595,1,750.4132231
212,504.865,1,641.322314
213,505.135,1,483.4710744
214,505.405,1,627.2727273
215,505.676,1,713.2231405
216,505.946,1,642.1487603
217,506.216,1,566.1157025
218,506.487,1,551.2396694
219,506.757,1,460.3305785
220,507.027,1,556.1983471
221,507.297,1,486.7768595
222,507.568,1,417.3553719
223,507.838,1,551.2396694
224,508.108,1,433.8842975
225,508.378,1,495.8677686
226,508.649,1,512.3966942
227,508.919,1,516.5289256
228,509.189,1,460.3305785
229,509.46,1,410.7438017
230,509.73,1,446.2809917
231,510,1,486.7768595
232,510.244,1,528.0991736
233,510.488,1,486.7768595
234,510.732,1,408.2644628
235,510.976,1,443.8016529
236,511.22,1,514.0495868
237,511.463,1,461.1570248
238,511.707,1,409.9173554
239,511.951,1,345.4545455
240,512.195,1,412.3966942
241,512.439,1,495.8677686
242,512.683,1,459.5041322
243,512.927,1,472.7272727
244,513.171,1,457.0247934
245,513.415,1,432.231405
246,513.659,1,519.8347107
247,513.903,1,476.8595041
248,514.146,1,471.9008264
249,514.39,1,294.214876
250,514.634,1,322.3140496
251,514.878,1,283.4710744
252,515.122,1,390.9090909
253,515.366,1,500
254,515.61,1,414.8760331
255,515.854,1,432.231405
256,516.098,1,404.9586777
257,516.342,1,403.3057851
258,516.585,1,363.6363636
259,516.829,1,355.3719008
260,517.073,1,409.0909091
261,517.317,1,231.4049587
262,517.561,1,431.4049587
263,517.805,1,408.2644628
264,518.049,1,314.8760331
265,518.293,1,582.6446281
266,518.537,1,359.5041322
267,518.781,1,390.0826446
268,519.024,1,328.0991736
269,519.268,1,276.8595041
270,519.512,1,279.338843
271,519.756,1,323.1404959
272,520,1,314.8760331
273,520.263,1,386.7768595
274,520.526,1,311.5702479
275,520.79,1,478.5123967
276,521.053,1,281.8181818
277,521.316,1,380.1652893
278,521.579,1,301.6528926
279,521.842,1,359.5041322
280,522.105,1,297.5206612
281,522.368,1,148.7603306
282,522.632,1,232.231405
283,522.895,1,349.5867769
284,523.158,1,399.1735537
285,523.421,1,326.446281
286,523.684,1,317.3553719
287,523.947,1,402.4793388
288,524.211,1,205.785124
289,524.474,1,276.8595041
290,524.737,1,251.2396694
291,525,1,225.6198347
292,525.263,1,286.7768595
293,525.526,1,223.9669421
294,525.79,1,303.3057851
295,526.053,1,356.1983471
296,526.316,1,376.0330579
297,526.579,1,291.7355372
298,526.842,1,132.231405
299,527.105,1,417.3553719
300,527.368,1,212.3966942
301,527.632,1,353.7190083
302,527.895,1,324.7933884
303,528.158,1,275.2066116
304,528.421,1,392.5619835
305,528.684,1,342.1487603
306,528.947,1,198.3471074
307,529.211,1,280.1652893
308,529.474,1,298.3471074
309,529.737,1,257.8512397
310,530,1,295.8677686
311,530.286,1,400
312,530.571,1,219.0082645
313,530.857,1,326.446281
314,531.143,1,329.7520661
315,531.429,1,394.214876
316,531.714,1,488.4297521
317,532,1,186.7768595
318,532.286,1,308.2644628
319,532.571,1,298.3471074
320,532.857,1,270.2479339
321,533.143,1,419.0082645
322,533.429,1,219.8347107
323,533.714,1,407.4380165
324,534,1,262.8099174
325,534.286,1,410.7438017
326,534.571,1,298.3471074
327,534.857,1,291.7355372
328,535.143,1,368.5950413
329,535.429,1,252.892562
330,535.714,1,147.9338843
331,536,1,254.5454545
332,536.286,1,375.2066116
333,536.571,1,354.5454545
334,536.857,1,328.0991736
335,537.143,1,344.6280992
336,537.429,1,268.5950413
337,537.714,1,358.677686
338,538,1,233.0578512
339,538.286,1,263.6363636
340,538.571,1,361.9834711
341,538.857,1,263.6363636
342,539.143,1,325.6198347
343,539.429,1,397.5206612
344,539.714,1,409.0909091
345,540,1,372.7272727
346,540.286,1,275.2066116
347,540.571,1,369.4214876
348,540.857,1,300.8264463
349,541.143,1,336.3636364
350,541.429,1,300
351,541.714,1,280.9917355
352,542,1,344.6280992
353,542.286,1,392.5619835
354,542.571,1,351.2396694
355,542.857,1,349.5867769
356,543.143,1,333.0578512
357,543.429,1,232.231405
358,543.714,1,339.6694215
359,544,1,335.5371901
360,544.286,1,366.9421488
361,544.571,1,312.3966942
362,544.857,1,220.661157
363,545.143,1,390.9090909
364,545.429,1,373.553719
365,545.714,1,392.5619835
366,546,1,306.6115702
367,546.286,1,257.0247934
368,546.571,1,290.9090909
369,546.857,1,322.3140496
370,547.143,1,438.8429752
371,547.429,1,385.9504132
372,547.714,1,341.322314
373,548,1,314.0495868
374,548.286,1,405.785124
375,548.571,1,427.2727273
376,548.857,1,283.4710744
377,549.143,1,314.8760331
378,549.429,1,190.9090909
379,549.714,1,319.8347107
380,550,1,365.2892562
381,550.313,1,299.1735537
382,550.625,1,403.3057851
383,550.938,1,379.338843
384,551.25,1,372.7272727
385,551.563,1,275.2066116
386,551.875,1,247.9338843
387,552.188,1,240.4958678
388,552.5,1,301.6528926
389,552.813,1,295.0413223
390,553.125,1,307.4380165
391,553.438,1,342.1487603
392,553.75,1,443.8016529
393,554.063,1,342.9752066
394,554.375,1,364.4628099
395,554.688,1,341.322314
396,555,1,313.2231405
397,555.313,1,280.9917355
398,555.625,1,234.7107438
399,555.938,1,270.2479339
400,556.25,1,343.8016529
401,556.563,1,379.338843
402,556.875,1,300.8264463
403,557.188,1,393.3884298
404,557.5,1,397.5206612
405,557.813,1,260.3305785
406,558.125,1,287.6033058
407,558.438,1,273.553719
408,558.75,1,323.1404959
409,559.063,1,195.0413223
410,559.375,1,240.4958678
411,559.688,1,282.6446281
412,560,1,385.9504132
413,560.294,1,352.892562
414,560.588,1,322.3140496
415,560.882,1,327.2727273
416,561.177,1,346.2809917
417,561.471,1,233.8842975
418,561.765,1,219.0082645
419,562.059,1,383.4710744
420,562.353,1,366.1157025
421,562.647,1,304.1322314
422,562.941,1,281.8181818
423,563.235,1,314.8760331
424,563.529,1,346.2809917
425,563.824,1,334.7107438
426,564.118,1,227.2727273
427,564.412,1,263.6363636
428,564.706,1,454.5454545
429,565,1,207.4380165
430,565.294,1,351.2396694
431,565.588,1,298.3471074
432,565.882,1,400
433,566.177,1,440.4958678
434,566.471,1,260.3305785
435,566.765,1,301.6528926
436,567.059,1,197.5206612
437,567.353,1,253.7190083
438,567.647,1,328.9256198
439,567.941,1,238.8429752
440,568.235,1,385.9504132
441,568.529,1,147.9338843
442,568.824,1,270.2479339
443,569.118,1,313.2231405
444,569.412,1,247.107438
445,569.706,1,270.2479339
446,570,1,238.8429752
447,570.27,1,128.0991736
448,570.541,1,242.9752066
449,570.811,1,284.2975207
450,571.081,1,266.1157025
451,571.351,1,184.2975207
452,571.622,1,404.1322314
453,571.892,1,161.1570248
454,572.162,1,223.1404959
455,572.432,1,168.5950413
456,572.703,1,199.1735537
457,572.973,1,197.5206612
458,573.243,1,90.90909091
459,573.514,1,137.1900826
460,573.784,1,169.4214876
461,574.054,1,161.1570248
462,574.324,1,247.9338843
463,574.595,1,128.9256198
464,574.865,1,312.3966942
465,575.135,1,144.6280992
466,575.405,1,165.2892562
467,575.676,1,252.0661157
468,575.946,1,146.2809917
469,576.216,1,202.4793388
470,576.487,1,233.0578512
471,576.757,1,333.0578512
472,577.027,1,280.1652893
473,577.297,1,280.1652893
474,577.568,1,257.0247934
475,577.838,1,214.0495868
476,578.108,1,362.8099174
477,578.378,1,161.1570248
478,578.649,1,274.3801653
479,578.919,1,290.9090909
480,579.189,1,255.3719008
481,579.46,1,322.3140496
482,579.73,1,361.1570248
483,580,1,282.6446281
484,580.323,1,312.3966942
485,580.645,1,224.7933884
486,580.968,1,177.6859504
487,581.29,1,377.6859504
488,581.613,1,349.5867769
489,581.936,1,223.9669421
490,582.258,1,199.1735537
491,582.581,1,268.5950413
492,582.903,1,261.1570248
493,583.226,1,274.3801653
494,583.548,1,194.214876
495,583.871,1,116.5289256
496,584.194,1,190.0826446
497,584.516,1,154.5454545
498,584.839,1,133.0578512
499,585.161,1,343.8016529
500,585.484,1,205.785124
501,585.807,1,200.8264463
502,586.129,1,174.3801653
503,586.452,1,227.2727273
504,586.774,1,154.5454545
505,587.097,1,134.7107438
506,587.419,1,174.3801653
507,587.742,1,204.9586777
508,588.065,1,284.2975207
509,588.387,1,268.5950413
510,588.71,1,201.6528926
511,589.032,1,328.0991736
512,589.355,1,286.7768595
513,589.677,1,288.4297521
514,590,1,192.5619835
515,590.263,1,159.5041322
516,590.526,1,317.3553719
517,590.79,1,195.0413223
518,591.053,1,390.0826446
519,591.316,1,323.9669421
520,591.579,1,378.5123967
521,591.842,1,452.0661157
522,592.105,1,214.0495868
523,592.368,1,283.4710744
524,592.632,1,345.4545455
525,592.895,1,380.9917355
526,593.158,1,240.4958678
527,593.421,1,280.1652893
528,593.684,1,335.5371901
529,593.947,1,389.2561983
530,594.211,1,422.3140496
531,594.474,1,415.7024793
532,594.737,1,425.6198347
533,595,1,381.8181818
534,595.263,1,227.2727273
535,595.526,1,337.1900826
536,595.79,1,301.6528926
537,596.053,1,304.1322314
538,596.316,1,259.5041322
539,596.579,1,314.0495868
540,596.842,1,331.4049587
541,597.105,1,330.5785124
542,597.368,1,342.9752066
543,597.632,1,368.5950413
544,597.895,1,303.3057851
545,598.158,1,288.4297521
546,598.421,1,183.4710744
547,598.684,1,329.7520661
548,598.947,1,359.5041322
549,599.211,1,340.4958678
550,599.474,1,343.8016529
551,599.737,1,240.4958678
552,600,1,308.2644628
553,600.286,1,241.322314
554,600.571,1,196.6942149
555,600.857,1,273.553719
556,601.143,1,205.785124
557,601.429,1,448.7603306
558,601.714,1,204.1322314
559,602,1,316.5289256
560,602.286,1,419.8347107
561,602.571,1,391.7355372
562,602.857,1,371.9008264
563,603.143,1,452.892562
564,603.429,1,271.0743802
565,603.714,1,314.0495868
566,604,1,468.5950413
567,604.286,1,529.7520661
568,604.571,1,366.1157025
569,604.857,1,476.8595041
570,605.143,1,411.5702479
571,605.429,1,465.2892562
572,605.714,1,488.4297521
573,606,1,375.2066116
574,606.286,1,478.5123967
575,606.571,1,478.5123967
576,606.857,1,397.5206612
577,607.143,1,533.8842975
578,607.429,1,451.2396694
579,607.714,1,710.7438017
580,608,1,492.5619835
581,608.286,1,626.446281
582,608.571,1,478.5123967
583,608.857,1,547.9338843
584,609.143,1,561.9834711
585,609.429,1,442.9752066
586,609.714,1,534.7107438
587,610,1,575.2066116
588,610.294,1,566.1157025
589,610.588,1,483.4710744
590,610.882,1,600
591,611.177,1,552.0661157
592,611.471,1,552.892562
593,611.765,1,576.0330579
594,612.059,1,461.9834711
595,612.353,1,519.0082645
596,612.647,1,524.7933884
597,612.941,1,417.3553719
598,613.235,1,542.9752066
599,613.529,1,660.3305785
600,613.824,1,532.231405
601,614.118,1,546.2809917
602,614.412,1,490.0826446
603,614.706,1,551.2396694
604,615,1,561.1570248
605,615.294,1,541.322314
606,615.588,1,500
607,615.882,1,577.6859504
608,616.177,1,600.8264463
609,616.471,1,582.6446281
610,616.765,1,524.7933884
611,617.059,1,661.9834711
612,617.353,1,580.9917355
613,617.647,1,434.7107438
614,617.941,1,538.0165289
615,618.235,1,513.2231405
616,618.529,1,602.4793388
617,618.824,1,595.8677686
618,619.118,1,440.4958678
619,619.412,1,531.4049587
620,619.706,1,546.2809917
621,620,1,428.9256198
622,620.238,1,492.5619835
623,620.476,1,498.3471074
624,620.714,1,505.785124
625,620.952,1,580.9917355
626,621.191,1,521.4876033
627,621.429,1,471.0743802
628,621.667,1,515.7024793
629,621.905,1,549.5867769
630,622.143,1,541.322314
631,622.381,1,580.9917355
632,622.619,1,467.768595
633,622.857,1,423.9669421
634,623.095,1,428.9256198
635,623.333,1,579.338843
636,623.571,1,614.8760331
637,623.81,1,561.9834711
638,624.048,1,620.661157
639,624.286,1,571.0743802
640,624.524,1,571.0743802
641,624.762,1,589.2561983
642,625,1,504.9586777
643,625.238,1,504.9586777
644,625.476,1,539.6694215
645,625.714,1,467.768595
646,625.952,1,483.4710744
647,626.191,1,607.4380165
648,626.429,1,566.9421488
649,626.667,1,540.4958678
650,626.905,1,546.2809917
651,627.143,1,445.4545455
652,627.381,1,538.0165289
653,627.619,1,541.322314
654,627.857,1,550.4132231
655,628.095,1,500.8264463
656,628.333,1,471.0743802
657,628.571,1,547.107438
658,628.81,1,530.5785124
659,629.048,1,677.6859504
660,629.286,1,628.0991736
661,629.524,1,611.5702479
662,629.762,1,617.3553719
663,630,1,503.3057851
664,630.323,1,667.768595
665,630.645,1,551.2396694
666,630.968,1,595.8677686
667,631.29,1,664.4628099
668,631.613,1,620.661157
669,631.936,1,610.7438017
670,632.258,1,619.0082645
671,632.581,1,641.322314
672,632.903,1,567.768595
673,633.226,1,567.768595
674,633.548,1,680.9917355
675,633.871,1,587.6033058
676,634.194,1,619.8347107
677,634.516,1,549.5867769
678,634.839,1,609.9173554
679,635.161,1,691.7355372
680,635.484,1,670.2479339
681,635.807,1,623.9669421
682,636.129,1,473.553719
683,636.452,1,585.1239669
684,636.774,1,666.9421488
685,637.097,1,544.6280992
686,637.419,1,796.6942149
687,637.742,1,528.0991736
688,638.065,1,681.8181818
689,638.387,1,670.2479339
690,638.71,1,686.7768595
691,639.032,1,777.6859504
692,639.355,1,607.4380165
693,639.677,1,600
694,640,1,703.3057851
695,640.27,1,713.2231405
696,640.541,1,790.9090909
697,640.811,1,585.1239669
698,641.081,1,771.0743802
699,641.351,1,675.2066116
700,641.622,1,684.2975207
701,641.892,1,655.3719008
702,642.162,1,630.5785124
703,642.432,1,706.6115702
704,642.703,1,687.6033058
705,642.973,1,801.6528926
706,643.243,1,669.4214876
707,643.514,1,686.7768595
708,643.784,1,855.3719008
709,644.054,1,670.2479339
710,644.324,1,797.5206612
711,644.595,1,759.5041322
712,644.865,1,792.5619835
713,645.135,1,790.0826446
714,645.405,1,657.0247934
715,645.676,1,813.2231405
716,645.946,1,982.6446281
717,646.216,1,841.322314
718,646.487,1,919.0082645
719,646.757,1,889.2561983
720,647.027,1,892.5619835
721,647.297,1,925.6198347
722,647.568,1,950.4132231
723,647.838,1,890.0826446
724,648.108,1,833.8842975
725,648.378,1,889.2561983
726,648.649,1,885.1239669
727,648.919,1,976.0330579
728,649.189,1,1019.008264
729,649.46,1,951.2396694
730,649.73,1,902.4793388
731,650,1,853.7190083
732,650.294,1,977.6859504
733,650.588,1,966.9421488
734,650.882,1,1057.024793
735,651.177,1,921.4876033
736,651.471,1,844.6280992
737,651.765,1,1043.801653
738,652.059,1,915.7024793
739,652.353,1,980.9917355
740,652.647,1,1150.413223
741,652.941,1,921.4876033
742,653.235,1,1057.024793
743,653.529,1,1107.438017
744,653.824,1,1019.834711
745,654.118,1,1094.214876
746,654.412,1,1142.14876
747,654.706,1,1115.702479
748,655,1,1200
749,655.294,1,1153.719008
750,655.588,1,1204.958678
751,655.882,1,1113.22314
752,656.177,1,1212.396694
753,656.471,1,1272.727273
754,656.765,1,1211.570248
755,657.059,1,1395.041322
756,657.353,1,1131.404959
757,657.647,1,1269.421488
758,657.941,1,1380.991736
759,658.235,1,1364.46281
760,658.529,1,1408.264463
761,658.824,1,1338.016529
762,659.118,1,1271.900826
763,659.412,1,1321.487603
764,659.706,1,1579.338843
765,660,1,1471.07438
766,660.303,1,1483.471074
767,660.606,1,1627.272727
768,660.909,1,1495.041322
769,661.212,1,1537.190083
770,661.515,1,1462.809917
771,661.818,1,1562.809917
772,662.121,1,1570.247934
773,662.424,1,1428.92562
774,662.727,1,1536.363636
775,663.03,1,1537.190083
776,663.333,1,1622.31405
777,663.636,1,1584.297521
778,663.939,1,1529.752066
779,664.242,1,1613.22314
780,664.546,1,1515.702479
781,664.849,1,1709.917355
782,665.152,1,1666.942149
783,665.455,1,1700.826446
784,665.758,1,1757.024793
785,666.061,1,1771.900826
786,666.364,1,1914.876033
787,666.667,1,1885.950413
788,666.97,1,2003.305785
789,667.273,1,1962.809917
790,667.576,1,1865.289256
791,667.879,1,2018.181818
792,668.182,1,1952.892562
793,668.485,1,2072.727273
794,668.788,1,2131.404959
795,669.091,1,2227.272727
796,669.394,1,2354.545455
797,669.697,1,2257.85124
798,670,1,2218.181818
799,670.313,1,2156.198347
800,670.625,1,2350.413223
801,670.938,1,2323.966942
802,671.25,1,2040.495868
803,671.563,1,2490.082645
804,671.875,1,2444.628099
805,672.188,1,2445.454545
806,672.5,1,2264.46281
807,672.813,1,2367.768595
808,673.125,1,2688.429752
809,673.438,1,2662.809917
810,673.75,1,2587.603306
811,674.063,1,2588.429752
812,674.375,1,2928.099174
813,674.688,1,2905.785124
814,675,1,3020.661157
815,675.313,1,3314.876033
816,675.625,1,3343.801653
817,675.938,1,3691.735537
818,676.25,1,3643.801653
819,676.563,1,4028.099174
820,676.875,1,4227.272727
821,677.188,1,4286.77686
822,677.5,1,4688.429752
823,677.813,1,4857.024793
824,678.125,1,5371.07438
825,678.438,1,5877.68595
826,678.75,1,6026.446281
827,679.063,1,6912.396694
828,679.375,1,7277.68595
829,679.688,1,7523.140496
830,680,1,8432.231405
831,680.4,1,9413.22314
832,680.8,1,11189.2562
833,681.2,1,11993.38843
834,681.6,1,12840.49587
835,682,1,14339.66942
836,682.4,1,14583.47107
837,682.8,1,15561.15702
838,683.2,1,16147.93388
839,683.6,1,17503.30579
840,684,1,18239.66942
841,684.4,1,18687.60331
842,684.8,1,19308.26446
843,685.2,1,20562.80992
844,685.6,1,20934.71074
845,686,1,22093.38843
846,686.4,1,21614.04959
847,686.8,1,22633.8843
848,687.2,1,23405.78512
849,687.6,1,24296.69421
850,688,1,24333.8843
851,688.4,1,24716.52893
852,688.8,1,25351.23967
853,689.2,1,25430.57851
854,689.6,1,26569.42149
855,690,1,26744.6281
856,690.286,1,27261.98347
857,690.571,1,27252.89256
858,690.857,1,28097.52066
859,691.143,1,27957.85124
860,691.429,1,27661.98347
861,691.714,1,28514.87603
862,692,1,28524.79339
863,692.286,1,28529.75207
864,692.571,1,28872.72727
865,692.857,1,29209.91736
866,693.143,1,29691.73554
867,693.429,1,29326.44628
868,693.714,1,29628.92562
869,694,1,29387.60331
870,694.286,1,29648.76033
871,694.571,1,29291.73554
872,694.857,1,29744.6281
873,695.143,1,29850.41322
874,695.429,1,29290.08264
875,695.714,1,29558.67769
876,696,1,29341.32231
877,696.286,1,29577.68595
878,696.571,1,29861.98347
879,696.857,1,29281.81818
880,697.143,1,29523.1405
881,697.429,1,29703.30579
882,697.714,1,29595.86777
883,698,1,29728.09917
884,698.286,1,29688.42975
885,698.571,1,29063.63636
886,698.857,1,29023.96694
887,699.143,1,28293.38843
888,699.429,1,28742.97521
889,699.714,1,29003.30579
890,700,1,28948.76033
891,700.294,1,27790.90909
892,700.588,1,27957.85124
893,700.882,1,27847.93388
894,701.177,1,27483.47107
895,701.471,1,26660.33058
896,701.765,1,25916.52893
897,702.059,1,26455.3719
898,702.353,1,25113.22314
899,702.647,1,24594.21488
900,702.941,1,23713.22314
901,703.235,1,23311.57025
902,703.529,1,22757.85124
903,703.824,1,22686.77686
904,704.118,1,21820.66116
905,704.412,1,20690.90909
906,704.706,1,19623.96694
907,705,1,19496.69421
908,705.294,1,18653.71901
909,705.588,1,18095.86777
910,705.882,1,17108.26446
911,706.177,1,16146.28099
912,706.471,1,15563.63636
913,706.765,1,14666.94215
914,707.059,1,13771.07438
915,707.353,1,13303.30579
916,707.647,1,12855.3719
917,707.941,1,12955.3719
918,708.235,1,11958.67769
919,708.529,1,11237.19008
920,708.824,1,10380.16529
921,709.118,1,9072.727273
922,709.412,1,8447.933884
923,709.706,1,7847.107438
924,710,1,7514.049587
925,710.313,1,7081.818182
926,710.625,1,6657.024793
927,710.938,1,6523.140496
928,711.25,1,5633.884298
929,711.563,1,5379.338843
930,711.875,1,4879.338843
931,712.188,1,4542.975207
932,712.5,1,4244.628099
933,712.813,1,3946.280992
934,713.125,1,3660.330579
935,713.438,1,3348.760331
936,713.75,1,3050.413223
937,714.063,1,3137.190083
938,714.375,1,2831.404959
939,714.688,1,2852.066116
940,715,1,2712.396694
941,715.313,1,2330.578512
942,715.625,1,2317.355372
943,715.938,1,1915.702479
944,716.25,1,2005.785124
945,716.563,1,1794.214876
946,716.875,1,1776.859504
947,717.188,1,1499.173554
948,717.5,1,1358.677686
949,717.813,1,1412.396694
950,718.125,1,1346.280992
951,718.438,1,1245.454545
952,718.75,1,1228.099174
953,719.063,1,1033.884298
954,719.375,1,1090.082645
955,719.688,1,1040.495868
956,720,1,1091.735537
957,720.294,1,823.1404959
958,720.588,1,784.2975207
959,720.882,1,861.9834711
960,721.177,1,794.214876
961,721.471,1,942.1487603
962,721.765,1,756.1983471
963,722.059,1,794.214876
964,722.353,1,819.8347107
965,722.647,1,626.446281
966,722.941,1,711.5702479
967,723.235,1,521.4876033
968,723.529,1,698.3471074
969,723.824,1,614.8760331
970,724.118,1,526.446281
971,724.412,1,645.4545455
972,724.706,1,577.6859504
973,725,1,541.322314
974,725.294,1,675.2066116
975,725.588,1,552.0661157
976,725.882,1,627.2727273
977,726.177,1,576.0330579
978,726.471,1,534.7107438
979,726.765,1,481.8181818
980,727.059,1,574.3801653
981,727.353,1,499.1735537
982,727.647,1,496.6942149
983,727.941,1,561.9834711
984,728.235,1,476.0330579
985,728.529,1,546.2809917
986,728.824,1,481.8181818
987,729.118,1,468.5950413
988,729.412,1,547.9338843
989,729.706,1,328.0991736
990,730,1,498.3471074
991,730.25,1,389.2561983
992,730.5,1,427.2727273
993,730.75,1,502.4793388
994,731,1,405.785124
995,731.25,1,476.0330579
996,731.5,1,460.3305785
997,731.75,1,339.6694215
998,732,1,370.2479339
999,732.25,1,493.3884298
1000,732.5,1,450.4132231
1001,732.75,1,437.1900826
1002,733,1,354.5454545
1003,733.25,1,336.3636364
1004,733.5,1,392.5619835
1005,733.75,1,471.9008264
1006,734,1,389.2561983
1007,734.25,1,340.4958678
1008,734.5,1,390.9090909
1009,734.75,1,379.338843
1010,735,1,447.9338843
1011,735.25,1,513.2231405
1012,735.5,1,419.0082645
1013,735.75,1,377.6859504
1014,736,1,328.0991736
1015,736.25,1,401.6528926
1016,736.5,1,446.2809917
1017,736.75,1,362.8099174
1018,737,1,310.7438017
1019,737.25,1,475.2066116
1020,737.5,1,417.3553719
1021,737.75,1,311.5702479
1022,738,1,402.4793388
1023,738.25,1,447.107438
1024,738.5,1,294.214876
1025,738.75,1,506.6115702
1026,739,1,309.9173554
1027,739.25,1,304.9586777
1028,739.5,1,340.4958678
1029,739.75,1,234.7107438
1030,740,1,361.9834711
1031,740.313,1,400.8264463
1032,740.625,1,492.5619835
1033,740.938,1,293.3884298
1034,741.25,1,336.3636364
1035,741.563,1,371.0743802
1036,741.875,1,296.6942149
1037,742.188,1,442.1487603
1038,742.5,1,250.4132231
1039,742.813,1,333.0578512
1040,743.125,1,375.2066116
1041,743.438,1,405.785124
1042,743.75,1,346.2809917
1043,744.063,1,373.553719
1044,744.375,1,336.3636364
1045,744.688,1,249.5867769
1046,745,1,251.2396694
1047,745.313,1,339.6694215
1048,745.625,1,205.785124
1049,745.938,1,354.5454545
1050,746.25,1,216.5289256
1051,746.563,1,241.322314
1052,746.875,1,255.3719008
1053,747.188,1,252.0661157
1054,747.5,1,267.768595
1055,747.813,1,331.4049587
1056,748.125,1,291.7355372
1057,748.438,1,303.3057851
1058,748.75,1,214.0495868
1059,749.063,1,353.7190083
1060,749.375,1,240.4958678
1061,749.688,1,316.5289256
1062,750,1,139.6694215
1063,750.278,1,250.4132231
1064,750.556,1,306.6115702
1065,750.833,1,180.1652893
1066,751.111,1,179.338843
1067,751.389,1,253.7190083
1068,751.667,1,339.6694215
1069,751.945,1,258.677686
1070,752.222,1,314.0495868
1071,752.5,1,253.7190083
1072,752.778,1,292.5619835
1073,753.056,1,389.2561983
1074,753.333,1,197.5206612
1075,753.611,1,334.7107438
1076,753.889,1,261.1570248
1077,754.167,1,187.6033058
1078,754.445,1,265.2892562
1079,754.722,1,331.4049587
1080,755,1,367.768595
1081,755.278,1,310.7438017
1082,755.556,1,220.661157
1083,755.833,1,326.446281
1084,756.111,1,190.0826446
1085,756.389,1,277.6859504
1086,756.667,1,217.3553719
1087,756.945,1,287.6033058
1088,757.222,1,291.7355372
1089,757.5,1,305.785124
1090,757.778,1,210.7438017
1091,758.056,1,350.4132231
1092,758.333,1,371.0743802
1093,758.611,1,295.8677686
1094,758.889,1,281.8181818
1095,759.167,1,266.9421488
1096,759.445,1,128.0991736
1097,759.722,1,303.3057851
1098,760,1,176.0330579
1099,760.278,1,184.2975207
1100,760.556,1,295.8677686
1101,760.833,1,97.52066116
1102,761.111,1,284.2975207
1103,761.389,1,201.6528926
1104,761.667,1,168.5950413
1105,761.945,1,180.9917355
1106,762.222,1,77.68595041
1107,762.5,1,179.338843
1108,762.778,1,70.24793388
1109,763.056,1,139.6694215
1110,763.333,1,133.0578512
1111,763.611,1,188.4297521
1112,763.889,1,201.6528926
1113,764.167,1,161.1570248
1114,764.445,1,77.68595041
1115,764.722,1,113.2231405
1116,765,1,126.446281
1117,765.278,1,149.5867769
1118,765.556,1,161.9834711
1119,765.833,1,192.5619835
1120,766.111,1,90.08264463
1121,766.389,1,244.6280992
1122,766.667,1,138.8429752
1123,766.945,1,250.4132231
1124,767.222,1,316.5289256
1125,767.5,1,162.8099174
1126,767.778,1,154.5454545
1127,768.056,1,276.8595041
1128,768.333,1,273.553719
1129,768.611,1,283.4710744
1130,768.889,1,131.4049587
1131,769.167,1,194.214876
1132,769.445,1,280.9917355
1133,769.722,1,255.3719008
1134,770,1,293.3884298
1135,770.345,1,218.1818182
1136,770.69,1,373.553719
1137,771.035,1,319.8347107
1138,771.379,1,201.6528926
1139,771.724,1,375.2066116
1140,772.069,1,371.0743802
1141,772.414,1,313.2231405
1142,772.759,1,323.9669421
1143,773.104,1,288.4297521
1144,773.448,1,298.3471074
1145,773.793,1,295.0413223
1146,774.138,1,219.0082645
1147,774.483,1,314.8760331
1148,774.828,1,446.2809917
1149,775.172,1,351.2396694
1150,775.517,1,283.4710744
1151,775.862,1,375.2066116
1152,776.207,1,374.3801653
1153,776.552,1,415.7024793
1154,776.897,1,399.1735537
1155,777.241,1,303.3057851
1156,777.586,1,339.6694215
1157,777.931,1,261.9834711
1158,778.276,1,332.231405
1159,778.621,1,395.8677686
1160,778.966,1,336.3636364
1161,779.31,1,440.4958678
1162,779.655,1,265.2892562
1163,780,1,295.8677686
1164,780.286,1,414.0495868
1165,780.571,1,218.1818182
1166,780.857,1,420.661157
1167,781.143,1,335.5371901
1168,781.429,1,369.4214876
1169,781.714,1,264.4628099
1170,782,1,357.8512397
1171,782.286,1,395.0413223
1172,782.571,1,376.8595041
1173,782.857,1,376.0330579
1174,783.143,1,347.107438
1175,783.429,1,376.8595041
1176,783.714,1,422.3140496
1177,784,1,271.9008264
1178,784.286,1,427.2727273
1179,784.571,1,303.3057851
1180,784.857,1,314.8760331
1181,785.143,1,309.9173554
1182,785.429,1,260.3305785
1183,785.714,1,427.2727273
1184,786,1,290.0826446
1185,786.286,1,421.4876033
1186,786.571,1,268.5950413
1187,786.857,1,329.7520661
1188,787.143,1,453.7190083
1189,787.429,1,204.1322314
1190,787.714,1,428.9256198
1191,788,1,366.9421488
1192,788.286,1,377.6859504
1193,788.571,1,369.4214876
1194,788.857,1,259.5041322
1195,789.143,1,320.661157
1196,789.429,1,408.2644628
1197,789.714,1,377.6859504
1198,790,1,392.5619835
1199,790.294,1,346.2809917
1200,790.588,1,483.4710744
1201,790.882,1,257.0247934
1202,791.177,1,390.9090909
1203,791.471,1,342.1487603
1204,791.765,1,295.0413223
1205,792.059,1,321.4876033
1206,792.353,1,295.8677686
1207,792.647,1,308.2644628
1208,792.941,1,389.2561983
1209,793.235,1,336.3636364
1210,793.529,1,302.4793388
1211,793.824,1,356.1983471
1212,794.118,1,354.5454545
1213,794.412,1,189.2561983
1214,794.706,1,351.2396694
1215,795,1,323.1404959
1216,795.294,1,332.231405
1217,795.588,1,453.7190083
1218,795.882,1,292.5619835
1219,796.177,1,399.1735537
1220,796.471,1,409.0909091
1221,796.765,1,361.1570248
1222,797.059,1,361.1570248
1223,797.353,1,309.9173554
1224,797.647,1,351.2396694
1225,797.941,1,196.6942149
1226,798.235,1,249.5867769
1227,798.529,1,328.9256198
1228,798.824,1,363.6363636
1229,799.118,1,354.5454545
1230,799.412,1,385.9504132
1231,799.706,1,242.9752066
1232,800,1,366.9421488
1233,800.357,1,401.6528926
1234,800.714,1,329.7520661
1235,801.071,1,280.9917355
1236,801.429,1,363.6363636
1237,801.786,1,144.6280992
1238,802.143,1,320.661157
1239,802.5,1,369.4214876
1240,802.857,1,324.7933884
1241,803.214,1,441.322314
1242,803.571,1,187.6033058
1243,803.929,1,276.8595041
1244,804.286,1,390.9090909
1245,804.643,1,258.677686
1246,805,1,385.1239669
1247,805.357,1,369.4214876
1248,805.714,1,300
1249,806.071,1,409.0909091
1250,806.429,1,349.5867769
1251,806.786,1,440.4958678
1252,807.143,1,383.4710744
1253,807.5,1,353.7190083
1254,807.857,1,327.2727273
1255,808.214,1,379.338843
1256,808.571,1,352.0661157
1257,808.929,1,374.3801653
1258,809.286,1,352.0661157
1259,809.643,1,322.3140496
1260,810,1,334.7107438
1261,810.313,1,342.9752066
1262,810.625,1,323.1404959
1263,810.938,1,240.4958678
1264,811.25,1,287.6033058
1265,811.563,1,366.1157025
1266,811.875,1,351.2396694
1267,812.188,1,336.3636364
1268,812.5,1,304.9586777
1269,812.813,1,271.9008264
1270,813.125,1,326.446281
1271,813.438,1,487.6033058
1272,813.75,1,435.5371901
1273,814.063,1,290.0826446
1274,814.375,1,314.0495868
1275,814.688,1,354.5454545
1276,815,1,434.7107438
1277,815.313,1,320.661157
1278,815.625,1,390.9090909
1279,815.938,1,400.8264463
1280,816.25,1,334.7107438
1281,816.563,1,488.4297521
1282,816.875,1,193.3884298
1283,817.188,1,419.8347107
1284,817.5,1,357.8512397
1285,817.813,1,276.8595041
1286,818.125,1,340.4958678
1287,818.438,1,351.2396694
1288,818.75,1,441.322314
1289,819.063,1,359.5041322
1290,819.375,1,350.4132231
1291,819.688,1,303.3057851
1292,820,1,404.9586777
1293,820.303,1,359.5041322
1294,820.606,1,209.9173554
1295,820.909,1,382.6446281
1296,821.212,1,390.0826446
1297,821.515,1,319.8347107
1298,821.818,1,333.0578512
1299,822.121,1,368.5950413
1300,822.424,1,442.9752066
1301,822.727,1,333.0578512
1302,823.03,1,392.5619835
1303,823.333,1,357.8512397
1304,823.636,1,221.4876033
1305,823.939,1,447.9338843
1306,824.242,1,187.6033058
1307,824.546,1,381.8181818
1308,824.849,1,401.6528926
1309,825.152,1,342.9752066
1310,825.455,1,341.322314
1311,825.758,1,306.6115702
1312,826.061,1,326.446281
1313,826.364,1,464.4628099
1314,826.667,1,342.1487603
1315,826.97,1,286.7768595
1316,827.273,1,342.9752066
1317,827.576,1,375.2066116
1318,827.879,1,229.7520661
1319,828.182,1,409.9173554
1320,828.485,1,348.7603306
1321,828.788,1,347.107438
1322,829.091,1,243.8016529
1323,829.394,1,216.5289256
1324,829.697,1,377.6859504
1325,830,1,322.3140496
1326,830.313,1,483.4710744
1327,830.625,1,328.0991736
1328,830.938,1,295.0413223
1329,831.25,1,422.3140496
1330,831.563,1,212.3966942
1331,831.875,1,388.4297521
1332,832.188,1,275.2066116
1333,832.5,1,313.2231405
1334,832.813,1,415.7024793
1335,833.125,1,458.677686
1336,833.438,1,349.5867769
1337,833.75,1,346.2809917
1338,834.063,1,349.5867769
1339,834.375,1,316.5289256
1340,834.688,1,352.0661157
1341,835,1,288.4297521
1342,835.313,1,182.6446281
1343,835.625,1,327.2727273
1344,835.938,1,235.5371901
1345,836.25,1,425.6198347
1346,836.563,1,366.1157025
1347,836.875,1,318.1818182
1348,837.188,1,391.7355372
1349,837.5,1,338.0165289
1350,837.813,1,348.7603306
1351,838.125,1,432.231405
1352,838.438,1,291.7355372
1353,838.75,1,343.8016529
1354,839.063,1,179.338843
1355,839.375,1,356.1983471
1356,839.688,1,400
1357,840,1,352.892562
1358,840.294,1,490.0826446
1359,840.588,1,261.9834711
1360,840.882,1,331.4049587
1361,841.177,1,400.8264463
1362,841.471,1,317.3553719
1363,841.765,1,341.322314
1364,842.059,1,247.107438
1365,842.353,1,321.4876033
1366,842.647,1,274.3801653
1367,842.941,1,390.0826446
1368,843.235,1,430.5785124
1369,843.529,1,339.6694215
1370,843.824,1,327.2727273
1371,844.118,1,357.0247934
1372,844.412,1,314.0495868
1373,844.706,1,311.5702479
1374,845,1,245.4545455
1375,845.294,1,379.338843
1376,845.588,1,317.3553719
1377,845.882,1,560.3305785
1378,846.177,1,354.5454545
1379,846.471,1,400.8264463
1380,846.765,1,396.6942149
1381,847.059,1,195.0413223
1382,847.353,1,408.2644628
1383,847.647,1,428.0991736
1384,847.941,1,343.8016529
1385,848.235,1,391.7355372
1386,848.529,1,259.5041322
1387,848.824,1,319.0082645
1388,849.118,1,519.0082645
1389,849.412,1,415.7024793
1390,849.706,1,373.553719
1391,850,1,280.1652893
1392,850.238,1,394.214876
1393,850.476,1,390.0826446
1394,850.714,1,346.2809917
1395,850.952,1,436.3636364
1396,851.191,1,357.0247934
1397,851.429,1,285.1239669
1398,851.667,1,281.8181818
1399,851.905,1,368.5950413
1400,852.143,1,342.9752066
1401,852.381,1,328.0991736
1402,852.619,1,236.3636364
1403,852.857,1,319.8347107
1404,853.095,1,381.8181818
1405,853.333,1,400.8264463
1406,853.571,1,363.6363636
1407,853.81,1,427.2727273
1408,854.048,1,379.338843
1409,854.286,1,468.5950413
1410,854.524,1,380.9917355
1411,854.762,1,302.4793388
1412,855,1,428.0991736
1413,855.238,1,319.8347107
1414,855.476,1,346.2809917
1415,855.714,1,405.785124
1416,855.952,1,347.107438
1417,856.191,1,450.4132231
1418,856.429,1,352.0661157
1419,856.667,1,341.322314
1420,856.905,1,343.8016529
1421,857.143,1,264.4628099
1422,857.381,1,369.4214876
1423,857.619,1,204.1322314
1424,857.857,1,375.2066116
1425,858.095,1,361.1570248
1426,858.333,1,359.5041322
1427,858.571,1,399.1735537
1428,858.81,1,290.0826446
1429,859.048,1,290.0826446
1430,859.286,1,391.7355372
1431,859.524,1,387.6033058
1432,859.762,1,350.4132231
1433,860,1,309.9173554
1434,860.357,1,368.5950413
1435,860.714,1,190.0826446
1436,861.071,1,419.0082645
1437,861.429,1,370.2479339
1438,861.786,1,389.2561983
1439,862.143,1,397.5206612
1440,862.5,1,224.7933884
1441,862.857,1,465.2892562
1442,863.214,1,223.9669421
1443,863.571,1,501.6528926
1444,863.929,1,335.5371901
1445,864.286,1,246.2809917
1446,864.643,1,429.7520661
1447,865,1,255.3719008
1448,865.357,1,476.0330579
1449,865.714,1,331.4049587
1450,866.071,1,276.0330579
1451,866.429,1,291.7355372
1452,866.786,1,372.7272727
1453,867.143,1,284.2975207
1454,867.5,1,342.1487603
1455,867.857,1,301.6528926
1456,868.214,1,384.2975207
1457,868.571,1,304.9586777
1458,868.929,1,394.214876
1459,869.286,1,270.2479339
1460,869.643,1,298.3471074
1461,870,1,250.4132231
1462,870.238,1,347.9338843
1463,870.476,1,467.768595
1464,870.714,1,309.9173554
1465,870.952,1,357.8512397
1466,871.191,1,258.677686
1467,871.429,1,382.6446281
1468,871.667,1,393.3884298
1469,871.905,1,273.553719
1470,872.143,1,299.1735537
1471,872.381,1,201.6528926
1472,872.619,1,319.8347107
1473,872.857,1,438.8429752
1474,873.095,1,300.8264463
1475,873.333,1,384.2975207
1476,873.571,1,347.9338843
1477,873.81,1,209.0909091
1478,874.048,1,353.7190083
1479,874.286,1,328.9256198
1480,874.524,1,270.2479339
1481,874.762,1,183.4710744
1482,875,1,212.3966942
1483,875.238,1,220.661157
1484,875.476,1,316.5289256
1485,875.714,1,321.4876033
1486,875.952,1,314.8760331
1487,876.191,1,322.3140496
1488,876.429,1,271.0743802
1489,876.667,1,270.2479339
1490,876.905,1,191.7355372
1491,877.143,1,167.768595
1492,877.381,1,254.5454545
1493,877.619,1,31.40495868
1494,877.857,1,313.2231405
1495,878.095,1,286.7768595
1496,878.333,1,304.9586777
1497,878.571,1,216.5289256
1498,878.81,1,133.0578512
1499,879.048,1,317.3553719
1500,879.286,1,333.0578512
1501,879.524,1,188.4297521
1502,879.762,1,283.4710744
1503,880,1,246.2809917
1504,880.263,1,233.0578512
1505,880.526,1,479.338843
1506,880.79,1,405.785124
1507,881.053,1,288.4297521
1508,881.316,1,331.4049587
1509,881.579,1,266.9421488
1510,881.842,1,238.8429752
1511,882.105,1,420.661157
1512,882.368,1,392.5619835
1513,882.632,1,343.8016529
1514,882.895,1,266.9421488
1515,883.158,1,259.5041322
1516,883.421,1,371.9008264
1517,883.684,1,465.2892562
1518,883.947,1,354.5454545
1519,884.211,1,261.9834711
1520,884.474,1,361.9834711
1521,884.737,1,373.553719
1522,885,1,338.0165289
1523,885.263,1,389.2561983
1524,885.526,1,403.3057851
1525,885.79,1,319.8347107
1526,886.053,1,412.3966942
1527,886.316,1,472.7272727
1528,886.579,1,364.4628099
1529,886.842,1,344.6280992
1530,887.105,1,366.1157025
1531,887.368,1,377.6859504
1532,887.632,1,421.4876033
1533,887.895,1,323.1404959
1534,888.158,1,377.6859504
1535,888.421,1,413.2231405
1536,888.684,1,401.6528926
1537,888.947,1,501.6528926
1538,889.211,1,311.5702479
1539,889.474,1,421.4876033
1540,889.737,1,346.2809917
1541,890,1,344.6280992
1542,890.27,1,404.9586777
1543,890.541,1,468.5950413
1544,890.811,1,479.338843
1545,891.081,1,294.214876
1546,891.351,1,314.0495868
1547,891.622,1,371.0743802
1548,891.892,1,441.322314
1549,892.162,1,409.9173554
1550,892.432,1,360.3305785
1551,892.703,1,379.338843
1552,892.973,1,280.1652893
1553,893.243,1,367.768595
1554,893.514,1,395.8677686
1555,893.784,1,462.8099174
1556,894.054,1,408.2644628
1557,894.324,1,310.7438017
1558,894.595,1,288.4297521
1559,894.865,1,296.6942149
1560,895.135,1,319.0082645
1561,895.405,1,275.2066116
1562,895.676,1,232.231405
1563,895.946,1,428.0991736
1564,896.216,1,251.2396694
1565,896.487,1,420.661157
1566,896.757,1,308.2644628
1567,897.027,1,408.2644628
1568,897.297,1,314.8760331
1569,897.568,1,414.8760331
1570,897.838,1,348.7603306
1571,898.108,1,297.5206612
1572,898.378,1,429.7520661
1573,898.649,1,337.1900826
1574,898.919,1,283.4710744
1575,899.189,1,445.4545455
1576,899.46,1,303.3057851
1577,899.73,1,368.5950413
1578,900,1,194.214876
1579,900.27,1,313.2231405
1580,900.541,1,438.8429752
1581,900.811,1,415.7024793
1582,901.081,1,392.5619835
1583,901.351,1,374.3801653
1584,901.622,1,480.1652893
1585,901.892,1,614.0495868
1586,902.162,1,378.5123967
1587,902.432,1,611.5702479
1588,902.703,1,461.9834711
1589,902.973,1,547.9338843
1590,903.243,1,729.7520661
1591,903.514,1,742.9752066
1592,903.784,1,829.7520661
1593,904.054,1,783.4710744
1594,904.324,1,730.5785124
1595,904.595,1,833.0578512
1596,904.865,1,1014.049587
1597,905.135,1,927.2727273
1598,905.405,1,819.8347107
1599,905.676,1,1042.975207
1600,905.946,1,983.4710744
1601,906.216,1,1200
1602,906.487,1,1083.471074
1603,906.757,1,1335.53719
1604,907.027,1,1422.31405
1605,907.297,1,1468.595041
1606,907.568,1,1557.024793
1607,907.838,1,1669.421488
1608,908.108,1,1804.132231
1609,908.378,1,1944.628099
1610,908.649,1,1863.636364
1611,908.919,1,2101.652893
1612,909.189,1,2061.157025
1613,909.46,1,2344.628099
1614,909.73,1,2502.479339
1615,910,1,2551.239669
1616,910.313,1,2902.479339
1617,910.625,1,3060.330579
1618,910.938,1,2711.570248
1619,911.25,1,3033.884298
1620,911.563,1,2957.85124
1621,911.875,1,3134.710744
1622,912.188,1,3142.975207
1623,912.5,1,3342.14876
1624,912.813,1,3428.92562
1625,913.125,1,3554.545455
1626,913.438,1,3584.297521
1627,913.75,1,3655.371901
1628,914.063,1,3686.77686
1629,914.375,1,3712.396694
1630,914.688,1,3820.661157
1631,915,1,3638.016529
1632,915.313,1,3930.578512
1633,915.625,1,4453.719008
1634,915.938,1,4119.834711
1635,916.25,1,4145.454545
1636,916.563,1,4101.652893
1637,916.875,1,3851.239669
1638,917.188,1,4295.041322
1639,917.5,1,4610.743802
1640,917.813,1,4344.628099
1641,918.125,1,4800.826446
1642,918.438,1,4521.487603
1643,918.75,1,4631.404959
1644,919.063,1,4700
1645,919.375,1,4600.826446
1646,919.688,1,4594.214876
1647,920,1,4812.396694
1648,920.385,1,4826.446281
1649,920.769,1,4993.38843
1650,921.154,1,4904.132231
1651,921.539,1,5057.024793
1652,921.923,1,5237.190083
1653,922.308,1,4963.636364
1654,922.692,1,5160.330579
1655,923.077,1,4962.809917
1656,923.462,1,5010.743802
1657,923.846,1,4866.115702
1658,924.231,1,4923.140496
1659,924.615,1,5160.330579
1660,925,1,5177.68595
1661,925.385,1,4873.553719
1662,925.769,1,4709.917355
1663,926.154,1,5073.553719
1664,926.539,1,5272.727273
1665,926.923,1,5157.024793
1666,927.308,1,4898.347107
1667,927.692,1,4793.38843
1668,928.077,1,4883.471074
1669,928.462,1,4851.239669
1670,928.846,1,4709.917355
1671,929.231,1,4652.066116
1672,929.615,1,4716.528926
1673,930,1,4817.355372
1674,930.25,1,4665.289256
1675,930.5,1,4490.082645
1676,930.75,1,4577.68595
1677,931,1,4320.661157
1678,931.25,1,4205.785124
1679,931.5,1,4270.247934
1680,931.75,1,4300
1681,932,1,3909.917355
1682,932.25,1,3956.198347
1683,932.5,1,4423.966942
1684,932.75,1,4242.14876
1685,933,1,4104.958678
1686,933.25,1,3812.396694
1687,933.5,1,3602.479339
1688,933.75,1,3542.975207
1689,934,1,3593.38843
1690,934.25,1,3400.826446
1691,934.5,1,3397.520661
1692,934.75,1,3521.487603
1693,935,1,2944.628099
1694,935.25,1,3215.702479
1695,935.5,1,3089.256198
1696,935.75,1,2885.950413
1697,936,1,3082.644628
1698,936.25,1,2941.322314
1699,936.5,1,2903.305785
1700,936.75,1,2744.628099
1701,937,1,2703.305785
1702,937.25,1,2591.735537
1703,937.5,1,2523.140496
1704,937.75,1,2637.190083
1705,938,1,2466.942149
1706,938.25,1,2303.305785
1707,938.5,1,2290.082645
1708,938.75,1,2370.247934
1709,939,1,2342.975207
1710,939.25,1,2243.801653
1711,939.5,1,2066.942149
1712,939.75,1,1984.297521
1713,940,1,1855.371901
1714,940.263,1,1845.454545
1715,940.526,1,1797.520661
1716,940.79,1,1777.68595
1717,941.053,1,1521.487603
1718,941.316,1,1582.644628
1719,941.579,1,1603.305785
1720,941.842,1,1470.247934
1721,942.105,1,1506.61157
1722,942.368,1,1324.793388
1723,942.632,1,1364.46281
1724,942.895,1,1247.107438
1725,943.158,1,1091.735537
1726,943.421,1,1038.842975
1727,943.684,1,883.4710744
1728,943.947,1,1037.190083
1729,944.211,1,918.1818182
1730,944.474,1,860.3305785
1731,944.737,1,900.8264463
1732,945,1,845.4545455
1733,945.263,1,795.8677686
1734,945.526,1,721.4876033
1735,945.79,1,660.3305785
1736,946.053,1,609.9173554
1737,946.316,1,594.214876
1738,946.579,1,546.2809917
1739,946.842,1,539.6694215
1740,947.105,1,718.1818182
1741,947.368,1,600
1742,947.632,1,650.4132231
1743,947.895,1,526.446281
1744,948.158,1,581.8181818
1745,948.421,1,591.7355372
1746,948.684,1,520.661157
1747,948.947,1,539.6694215
1748,949.211,1,465.2892562
1749,949.474,1,366.1157025
1750,949.737,1,534.7107438
1751,950,1,508.2644628
1752,950.286,1,657.8512397
1753,950.571,1,510.7438017
1754,950.857,1,524.7933884
1755,951.143,1,552.892562
1756,951.429,1,542.1487603
1757,951.714,1,416.5289256
1758,952,1,598.3471074
1759,952.286,1,471.0743802
1760,952.571,1,469.4214876
1761,952.857,1,584.2975207
1762,953.143,1,458.677686
1763,953.429,1,518.1818182
1764,953.714,1,557.8512397
1765,954,1,488.4297521
1766,954.286,1,412.3966942
1767,954.571,1,533.0578512
1768,954.857,1,416.5289256
1769,955.143,1,491.7355372
1770,955.429,1,478.5123967
1771,955.714,1,504.9586777
1772,956,1,539.6694215
1773,956.286,1,537.1900826
1774,956.571,1,434.7107438
1775,956.857,1,357.8512397
1776,957.143,1,521.4876033
1777,957.429,1,534.7107438
1778,957.714,1,447.9338843
1779,958,1,551.2396694
1780,958.286,1,480.1652893
1781,958.571,1,438.8429752
1782,958.857,1,581.8181818
1783,959.143,1,501.6528926
1784,959.429,1,474.3801653
1785,959.714,1,465.2892562
1786,960,1,362.8099174
1787,960.294,1,409.9173554
1788,960.588,1,539.6694215
1789,960.882,1,479.338843
1790,961.177,1,499.1735537
1791,961.471,1,576.8595041
1792,961.765,1,474.3801653
1793,962.059,1,514.0495868
1794,962.353,1,434.7107438
1795,962.647,1,405.785124
1796,962.941,1,418.1818182
1797,963.235,1,420.661157
1798,963.529,1,343.8016529
1799,963.824,1,461.1570248
1800,964.118,1,535.5371901
1801,964.412,1,564.4628099
1802,964.706,1,371.0743802
1803,965,1,519.8347107
1804,965.294,1,470.2479339
1805,965.588,1,409.0909091
1806,965.882,1,452.892562
1807,966.177,1,404.1322314
1808,966.471,1,478.5123967
1809,966.765,1,536.3636364
1810,967.059,1,406.6115702
1811,967.353,1,492.5619835
1812,967.647,1,540.4958678
1813,967.941,1,502.4793388
1814,968.235,1,488.4297521
1815,968.529,1,518.1818182
1816,968.824,1,461.9834711
1817,969.118,1,390.0826446
1818,969.412,1,347.9338843
1819,969.706,1,418.1818182
1820,970,1,433.8842975
1821,970.233,1,554.5454545
1822,970.465,1,342.1487603
1823,970.698,1,524.7933884
1824,970.93,1,475.2066116
1825,971.163,1,514.8760331
1826,971.395,1,509.9173554
1827,971.628,1,417.3553719
1828,971.861,1,485.1239669
1829,972.093,1,399.1735537
1830,972.326,1,519.8347107
1831,972.558,1,580.1652893
1832,972.791,1,428.9256198
1833,973.023,1,610.7438017
1834,973.256,1,362.8099174
1835,973.488,1,478.5123967
1836,973.721,1,504.9586777
1837,973.954,1,498.3471074
1838,974.186,1,608.2644628
1839,974.419,1,390.9090909
1840,974.651,1,495.0413223
1841,974.884,1,503.3057851
1842,975.116,1,500
1843,975.349,1,522.3140496
1844,975.581,1,354.5454545
1845,975.814,1,590.9090909
1846,976.047,1,501.6528926
1847,976.279,1,545.4545455
1848,976.512,1,508.2644628
1849,976.744,1,401.6528926
1850,976.977,1,575.2066116
1851,977.209,1,572.7272727
1852,977.442,1,567.768595
1853,977.674,1,396.6942149
1854,977.907,1,402.4793388
1855,978.14,1,519.8347107
1856,978.372,1,412.3966942
1857,978.605,1,643.8016529
1858,978.837,1,407.4380165
1859,979.07,1,557.8512397
1860,979.302,1,565.2892562
1861,979.535,1,479.338843
1862,979.768,1,482.6446281
1863,980,1,579.338843
1864,980.238,1,495.0413223
1865,980.476,1,436.3636364
1866,980.714,1,389.2561983
1867,980.952,1,590.9090909
1868,981.191,1,512.3966942
1869,981.429,1,636.3636364
1870,981.667,1,556.1983471
1871,981.905,1,485.9504132
1872,982.143,1,572.7272727
1873,982.381,1,475.2066116
1874,982.619,1,385.9504132
1875,982.857,1,534.7107438
1876,983.095,1,467.768595
1877,983.333,1,409.0909091
1878,983.571,1,452.892562
1879,983.81,1,557.8512397
1880,984.048,1,517.3553719
1881,984.286,1,589.2561983
1882,984.524,1,452.892562
1883,984.762,1,568.5950413
1884,985,1,528.9256198
1885,985.238,1,399.1735537
1886,985.476,1,425.6198347
1887,985.714,1,585.1239669
1888,985.952,1,493.3884298
1889,986.191,1,585.9504132
1890,986.429,1,466.1157025
1891,986.667,1,554.5454545
1892,986.905,1,495.8677686
1893,987.143,1,462.8099174
1894,987.381,1,500
1895,987.619,1,515.7024793
1896,987.857,1,546.2809917
1897,988.095,1,510.7438017
1898,988.333,1,376.8595041
1899,988.571,1,614.8760331
1900,988.81,1,550.4132231
1901,989.048,1,554.5454545
1902,989.286,1,531.4049587
1903,989.524,1,453.7190083
1904,989.762,1,499.1735537
1905,990,1,551.2396694
1906,990.256,1,505.785124
1907,990.513,1,536.3636364
1908,990.769,1,524.7933884
1909,991.026,1,562.8099174
1910,991.282,1,560.3305785
1911,991.539,1,660.3305785
1912,991.795,1,506.6115702
1913,992.051,1,442.1487603
1914,992.308,1,471.9008264
1915,992.564,1,450.4132231
1916,992.821,1,501.6528926
1917,993.077,1,597.5206612
1918,993.333,1,571.0743802
1919,993.59,1,567.768595
1920,993.846,1,629.7520661
1921,994.103,1,599.1735537
1922,994.359,1,417.3553719
1923,994.615,1,559.5041322
1924,994.872,1,529.7520661
1925,995.128,1,526.446281
1926,995.385,1,580.9917355
1927,995.641,1,545.4545455
1928,995.898,1,584.2975207
1929,996.154,1,676.8595041
1930,996.41,1,541.322314
1931,996.667,1,624.7933884
1932,996.923,1,554.5454545
1933,997.18,1,556.1983471
1934,997.436,1,470.2479339
1935,997.692,1,495.8677686
1936,997.949,1,585.9504132
1937,998.205,1,485.1239669
1938,998.462,1,661.9834711
1939,998.718,1,604.1322314
1940,998.974,1,561.1570248
1941,999.231,1,548.7603306
1942,999.487,1,568.5950413
1943,999.744,1,623.9669421
1944,1000,1,579.338843
1945,1000.227,1,546.2809917
1946,1000.455,1,552.892562
1947,1000.682,1,584.2975207
1948,1000.909,1,675.2066116
1949,1001.136,1,491.7355372
1950,1001.364,1,744.6280992
1951,1001.591,1,604.1322314
1952,1001.818,1,567.768595
1953,1002.045,1,637.1900826
1954,1002.273,1,452.0661157
1955,1002.5,1,757.8512397
1956,1002.727,1,668.5950413
1957,1002.955,1,498.3471074
1958,1003.182,1,598.3471074
1959,1003.409,1,678.5123967
1960,1003.636,1,630.5785124
1961,1003.864,1,604.9586777
1962,1004.091,1,590.0826446
1963,1004.318,1,589.2561983
1964,1004.545,1,688.4297521
1965,1004.773,1,713.2231405
1966,1005,1,626.446281
1967,1005.227,1,671.0743802
1968,1005.455,1,702.4793388
1969,1005.682,1,790.9090909
1970,1005.909,1,706.6115702
1971,1006.136,1,675.2066116
1972,1006.364,1,714.8760331
1973,1006.591,1,600.8264463
1974,1006.818,1,777.6859504
1975,1007.045,1,696.6942149
1976,1007.273,1,761.1570248
1977,1007.5,1,663.6363636
1978,1007.727,1,661.9834711
1979,1007.955,1,668.5950413
1980,1008.182,1,757.8512397
1981,1008.409,1,683.4710744
1982,1008.636,1,609.0909091
1983,1008.864,1,630.5785124
1984,1009.091,1,702.4793388
1985,1009.318,1,596.6942149
1986,1009.545,1,726.446281
1987,1009.773,1,663.6363636
1988,1010,1,761.9834711
1989,1010.25,1,704.1322314
1990,1010.5,1,659.5041322
1991,1010.75,1,627.2727273
1992,1011,1,615.7024793
1993,1011.25,1,650.4132231
1994,1011.5,1,542.1487603
1995,1011.75,1,654.5454545
1996,1012,1,745.4545455
1997,1012.25,1,761.9834711
1998,1012.5,1,891.7355372
1999,1012.75,1,761.1570248
2000,1013,1,880.1652893
2001,1013.25,1,795.8677686
2002,1013.5,1,756.1983471
2003,1013.75,1,835.5371901
2004,1014,1,838.8429752
2005,1014.25,1,793.3884298
2006,1014.5,1,826.446281
2007,1014.75,1,932.231405
2008,1015,1,949.5867769
2009,1015.25,1,887.6033058
2010,1015.5,1,970.2479339
2011,1015.75,1,976.0330579
2012,1016,1,1033.884298
2013,1016.25,1,980.9917355
2014,1016.5,1,1015.702479
2015,1016.75,1,1028.92562
2016,1017,1,1100
2017,1017.25,1,1153.719008
2018,1017.5,1,1217.355372
2019,1017.75,1,1166.115702
2020,1018,1,1209.090909
2021,1018.25,1,1110.743802
2022,1018.5,1,1203.305785
2023,1018.75,1,1288.429752
2024,1019,1,1252.066116
2025,1019.25,1,1328.92562
2026,1019.5,1,1258.677686
2027,1019.75,1,1328.099174
2028,1020,1,1483.471074
2029,1020.227,1,1502.479339
2030,1020.455,1,1452.066116
2031,1020.682,1,1351.239669
2032,1020.909,1,1492.561983
2033,1021.136,1,1450.413223
2034,1021.364,1,1623.140496
2035,1021.591,1,1708.264463
2036,1021.818,1,1579.338843
2037,1022.045,1,1627.272727
2038,1022.273,1,1745.454545
2039,1022.5,1,1802.479339
2040,1022.727,1,1861.983471
2041,1022.955,1,1917.355372
2042,1023.182,1,1922.31405
2043,1023.409,1,2104.958678
2044,1023.636,1,2311.570248
2045,1023.864,1,2287.603306
2046,1024.091,1,2395.867769
2047,1024.318,1,2590.909091
2048,1024.545,1,2595.041322
2049,1024.773,1,2587.603306
2050,1025,1,2785.123967
2051,1025.227,1,2931.404959
2052,1025.455,1,2990.082645
2053,1025.682,1,2891.735537
2054,1025.909,1,2903.305785
2055,1026.136,1,3317.355372
2056,1026.364,1,3336.363636
2057,1026.591,1,3609.917355
2058,1026.818,1,3679.338843
2059,1027.045,1,4032.231405
2060,1027.273,1,3897.520661
2061,1027.5,1,4010.743802
2062,1027.727,1,4215.702479
2063,1027.955,1,4370.247934
2064,1028.182,1,4466.115702
2065,1028.409,1,4690.909091
2066,1028.636,1,4717.355372
2067,1028.864,1,4941.322314
2068,1029.091,1,4952.066116
2069,1029.318,1,5108.264463
2070,1029.545,1,5179.338843
2071,1029.773,1,5669.421488
2072,1030,1,5589.256198
2073,1030.244,1,5518.181818
2074,1030.488,1,5298.347107
2075,1030.732,1,5609.090909
2076,1030.976,1,6071.900826
2077,1031.219,1,6167.768595
2078,1031.463,1,6342.975207
2079,1031.707,1,6752.892562
2080,1031.951,1,6442.14876
2081,1032.195,1,6528.099174
2082,1032.439,1,6466.942149
2083,1032.683,1,6756.198347
2084,1032.927,1,6885.950413
2085,1033.171,1,6871.900826
2086,1033.415,1,6873.553719
2087,1033.659,1,7086.77686
2088,1033.902,1,7385.950413
2089,1034.146,1,7485.123967
2090,1034.39,1,7175.206612
2091,1034.634,1,7338.016529
2092,1034.878,1,7259.504132
2093,1035.122,1,7288.429752
2094,1035.366,1,7582.644628
2095,1035.61,1,7680.991736
2096,1035.854,1,7745.454545
2097,1036.098,1,8030.578512
2098,1036.341,1,8187.603306
2099,1036.585,1,7980.991736
2100,1036.829,1,7728.92562
2101,1037.073,1,7946.280992
2102,1037.317,1,7850.413223
2103,1037.561,1,7527.272727
2104,1037.805,1,7652.066116
2105,1038.049,1,8179.338843
2106,1038.293,1,8257.024793
2107,1038.537,1,7678.512397
2108,1038.781,1,7680.991736
2109,1039.024,1,7576.033058
2110,1039.268,1,7475.206612
2111,1039.512,1,7365.289256
2112,1039.756,1,7557.85124
2113,1040,1,7900
2114,1040.333,1,7661.983471
2115,1040.667,1,7546.280992
2116,1041,1,7285.123967
2117,1041.333,1,7417.355372
2118,1041.667,1,7291.735537
2119,1042,1,7042.14876
2120,1042.333,1,6840.495868
2121,1042.667,1,6709.090909
2122,1043,1,6731.404959
2123,1043.333,1,6942.14876
2124,1043.667,1,7039.669421
2125,1044,1,6908.264463
2126,1044.333,1,6616.528926
2127,1044.667,1,6654.545455
2128,1045,1,6804.132231
2129,1045.333,1,6971.900826
2130,1045.667,1,6561.157025
2131,1046,1,6653.719008
2132,1046.333,1,6470.247934
2133,1046.667,1,6152.892562
2134,1047,1,6007.438017
2135,1047.333,1,6139.669421
2136,1047.667,1,5923.966942
2137,1048,1,5895.867769
2138,1048.333,1,5744.628099
2139,1048.667,1,5448.760331
2140,1049,1,5452.892562
2141,1049.333,1,5392.561983
2142,1049.667,1,5442.14876
2143,1050,1,5433.057851
2144,1050.182,1,5219.008264
2145,1050.364,1,5192.561983
2146,1050.545,1,4964.46281
2147,1050.727,1,4643.801653
2148,1050.909,1,4810.743802
2149,1051.091,1,4509.917355
2150,1051.273,1,4388.429752
2151,1051.455,1,4666.115702
2152,1051.636,1,4690.082645
2153,1051.818,1,4571.07438
2154,1052,1,4511.570248
2155,1052.182,1,4425.619835
2156,1052.364,1,4301.652893
2157,1052.545,1,4188.429752
2158,1052.727,1,4217.355372
2159,1052.909,1,4400.826446
2160,1053.091,1,4195.867769
2161,1053.273,1,3904.132231
2162,1053.455,1,3909.917355
2163,1053.636,1,3661.983471
2164,1053.818,1,3714.876033
2165,1054,1,3523.140496
2166,1054.182,1,3319.008264
2167,1054.364,1,3531.404959
2168,1054.545,1,3263.636364
2169,1054.727,1,3371.07438
2170,1054.909,1,3466.942149
2171,1055.091,1,3259.504132
2172,1055.273,1,3483.471074
2173,1055.455,1,2927.272727
2174,1055.636,1,2895.867769
2175,1055.818,1,2675.206612
2176,1056,1,2670.247934
2177,1056.182,1,2757.024793
2178,1056.364,1,2702.479339
2179,1056.545,1,2594.214876
2180,1056.727,1,2551.239669
2181,1056.909,1,2422.31405
2182,1057.091,1,2392.561983
2183,1057.273,1,1992.561983
2184,1057.455,1,2439.669421
2185,1057.636,1,2375.206612
2186,1057.818,1,2019.008264
2187,1058,1,2035.53719
2188,1058.182,1,1818.181818
2189,1058.364,1,1870.247934
2190,1058.545,1,1745.454545
2191,1058.727,1,1686.77686
2192,1058.909,1,1569.421488
2193,1059.091,1,1463.636364
2194,1059.273,1,1440.495868
2195,1059.455,1,1300
2196,1059.636,1,1366.115702
2197,1059.818,1,1206.61157
2198,1060,1,1118.181818
2199,1060.25,1,1071.07438
2200,1060.5,1,1011.570248
2201,1060.75,1,908.2644628
2202,1061,1,922.3140496
2203,1061.25,1,904.9586777
2204,1061.5,1,736.3636364
2205,1061.75,1,677.6859504
2206,1062,1,785.1239669
2207,1062.25,1,633.8842975
2208,1062.5,1,673.553719
2209,1062.75,1,585.9504132
2210,1063,1,528.0991736
2211,1063.25,1,584.2975207
2212,1063.5,1,531.4049587
2213,1063.75,1,458.677686
2214,1064,1,565.2892562
2215,1064.25,1,515.7024793
2216,1064.5,1,529.7520661
2217,1064.75,1,453.7190083
2218,1065,1,509.0909091
2219,1065.25,1,417.3553719
2220,1065.5,1,562.8099174
2221,1065.75,1,503.3057851
2222,1066,1,413.2231405
2223,1066.25,1,488.4297521
2224,1066.5,1,440.4958678
2225,1066.75,1,452.0661157
2226,1067,1,446.2809917
2227,1067.25,1,504.9586777
2228,1067.5,1,359.5041322
2229,1067.75,1,332.231405
2230,1068,1,488.4297521
2231,1068.25,1,338.8429752
2232,1068.5,1,566.1157025
2233,1068.75,1,352.892562
2234,1069,1,452.892562
2235,1069.25,1,491.7355372
2236,1069.5,1,403.3057851
2237,1069.75,1,323.1404959
2238,1070,1,375.2066116
2239,1070.238,1,409.0909091
2240,1070.476,1,408.2644628
2241,1070.714,1,394.214876
2242,1070.952,1,364.4628099
2243,1071.19,1,341.322314
2244,1071.429,1,465.2892562
2245,1071.667,1,389.2561983
2246,1071.905,1,356.1983471
2247,1072.143,1,392.5619835
2248,1072.381,1,306.6115702
2249,1072.619,1,360.3305785
2250,1072.857,1,276.0330579
2251,1073.095,1,364.4628099
2252,1073.333,1,434.7107438
2253,1073.571,1,338.8429752
2254,1073.81,1,432.231405
2255,1074.048,1,248.7603306
2256,1074.286,1,448.7603306
2257,1074.524,1,372.7272727
2258,1074.762,1,263.6363636
2259,1075,1,471.9008264
2260,1075.238,1,277.6859504
2261,1075.476,1,227.2727273
2262,1075.714,1,295.0413223
2263,1075.952,1,363.6363636
2264,1076.19,1,382.6446281
2265,1076.429,1,235.5371901
2266,1076.667,1,230.5785124
2267,1076.905,1,172.7272727
2268,1077.143,1,282.6446281
2269,1077.381,1,162.8099174
2270,1077.619,1,261.1570248
2271,1077.857,1,165.2892562
2272,1078.095,1,198.3471074
2273,1078.333,1,187.6033058
2274,1078.571,1,271.0743802
2275,1078.81,1,276.8595041
2276,1079.048,1,367.768595
2277,1079.286,1,247.107438
2278,1079.524,1,285.1239669
2279,1079.762,1,330.5785124
2280,1080,1,346.2809917
2281,1080.222,1,399.1735537
2282,1080.444,1,286.7768595
2283,1080.667,1,372.7272727
2284,1080.889,1,395.8677686
2285,1081.111,1,344.6280992
2286,1081.333,1,363.6363636
2287,1081.556,1,336.3636364
2288,1081.778,1,347.9338843
2289,1082,1,455.3719008
2290,1082.222,1,437.1900826
2291,1082.444,1,372.7272727
2292,1082.667,1,402.4793388
2293,1082.889,1,395.8677686
2294,1083.111,1,468.5950413
2295,1083.333,1,436.3636364
2296,1083.556,1,418.1818182
2297,1083.778,1,337.1900826
2298,1084,1,327.2727273
2299,1084.222,1,367.768595
2300,1084.444,1,406.6115702
2301,1084.667,1,542.9752066
2302,1084.889,1,407.4380165
2303,1085.111,1,509.0909091
2304,1085.333,1,400.8264463
2305,1085.556,1,373.553719
2306,1085.778,1,401.6528926
2307,1086,1,339.6694215
2308,1086.222,1,485.1239669
2309,1086.444,1,257.0247934
2310,1086.667,1,385.1239669
2311,1086.889,1,465.2892562
2312,1087.111,1,368.5950413
2313,1087.333,1,584.2975207
2314,1087.556,1,428.0991736
2315,1087.778,1,402.4793388
2316,1088,1,399.1735537
2317,1088.222,1,332.231405
2318,1088.444,1,341.322314
2319,1088.667,1,414.8760331
2320,1088.889,1,490.0826446
2321,1089.111,1,362.8099174
2322,1089.333,1,385.1239669
2323,1089.556,1,564.4628099
2324,1089.778,1,370.2479339
2325,1090,1,495.0413223
2326,1090.167,1,357.8512397
2327,1090.333,1,429.7520661
2328,1090.5,1,399.1735537
2329,1090.667,1,297.5206612
2330,1090.833,1,346.2809917
2331,1091,1,354.5454545
2332,1091.167,1,466.9421488
2333,1091.333,1,423.1404959
2334,1091.5,1,366.1157025
2335,1091.667,1,533.0578512
2336,1091.833,1,380.9917355
2337,1092,1,370.2479339
2338,1092.167,1,423.9669421
2339,1092.333,1,460.3305785
2340,1092.5,1,447.107438
2341,1092.667,1,361.9834711
2342,1092.833,1,369.4214876
2343,1093,1,425.6198347
2344,1093.167,1,490.0826446
2345,1093.333,1,404.1322314
2346,1093.5,1,266.9421488
2347,1093.667,1,441.322314
2348,1093.833,1,271.0743802
2349,1094,1,492.5619835
2350,1094.167,1,418.1818182
2351,1094.333,1,319.8347107
2352,1094.5,1,476.8595041
2353,1094.667,1,373.553719
2354,1094.833,1,280.1652893
2355,1095,1,385.9504132
2356,1095.167,1,340.4958678
2357,1095.333,1,328.0991736
2358,1095.5,1,322.3140496
2359,1095.667,1,417.3553719
2360,1095.833,1,258.677686
2361,1096,1,382.6446281
2362,1096.167,1,372.7272727
2363,1096.333,1,381.8181818
2364,1096.5,1,443.8016529
2365,1096.667,1,197.5206612
2366,1096.833,1,248.7603306
2367,1097,1,271.9008264
2368,1097.167,1,268.5950413
2369,1097.333,1,342.9752066
2370,1097.5,1,211.5702479
2371,1097.667,1,392.5619835
2372,1097.833,1,196.6942149
2373,1098,1,325.6198347
2374,1098.167,1,245.4545455
2375,1098.333,1,214.0495868
2376,1098.5,1,295.0413223
2377,1098.667,1,181.8181818
2378,1098.833,1,85.95041322
2379,1099,1,188.4297521
2380,1099.167,1,218.1818182
2381,1099.333,1,247.107438
2382,1099.5,1,184.2975207
2383,1099.667,1,271.9008264
2384,1099.833,1,181.8181818
2385,1100,1,147.107438
2386,1100.167,1,168.5950413
2387,1100.333,1,212.3966942
2388,1100.5,1,295.0413223
2389,1100.667,1,274.3801653
2390,1100.833,1,238.0165289
2391,1101,1,318.1818182
2392,1101.167,1,352.892562
2393,1101.333,1,293.3884298
2394,1101.5,1,238.0165289
2395,1101.667,1,375.2066116
2396,1101.833,1,260.3305785
2397,1102,1,352.0661157
2398,1102.167,1,310.7438017
2399,1102.333,1,333.0578512
2400,1102.5,1,438.8429752
2401,1102.667,1,371.0743802
2402,1102.833,1,276.8595041
2403,1103,1,408.2644628
2404,1103.167,1,376.0330579
2405,1103.333,1,295.0413223
2406,1103.5,1,382.6446281
2407,1103.667,1,399.1735537
2408,1103.833,1,406.6115702
2409,1104,1,360.3305785
2410,1104.167,1,281.8181818
2411,1104.333,1,413.2231405
2412,1104.5,1,380.1652893
2413,1104.667,1,409.9173554
2414,1104.833,1,313.2231405
2415,1105,1,341.322314
2416,1105.167,1,387.6033058
2417,1105.333,1,413.2231405
2418,1105.5,1,469.4214876
2419,1105.667,1,452.0661157
2420,1105.833,1,372.7272727
2421,1106,1,375.2066116
2422,1106.167,1,376.8595041
2423,1106.333,1,404.1322314
2424,1106.5,1,329.7520661
2425,1106.667,1,342.9752066
2426,1106.833,1,208.2644628
2427,1107,1,304.9586777
2428,1107.167,1,399.1735537
2429,1107.333,1,265.2892562
2430,1107.5,1,475.2066116
2431,1107.667,1,386.7768595
2432,1107.833,1,342.1487603
2433,1108,1,279.338843
2434,1108.167,1,242.9752066
2435,1108.333,1,212.3966942
2436,1108.5,1,240.4958678
2437,1108.667,1,321.4876033
2438,1108.833,1,212.3966942
2439,1109,1,316.5289256
2440,1109.167,1,372.7272727
2441,1109.333,1,271.0743802
2442,1109.5,1,251.2396694
2443,1109.667,1,221.4876033
2444,1109.833,1,263.6363636
2445,1110,1,197.5206612
2446,1110.167,1,161.9834711
2447,1110.333,1,171.0743802
2448,1110.5,1,271.9008264
2449,1110.667,1,279.338843
2450,1110.833,1,304.9586777
2451,1111,1,347.9338843
2452,1111.167,1,374.3801653
2453,1111.333,1,257.0247934
2454,1111.5,1,338.0165289
2455,1111.667,1,296.6942149
2456,1111.833,1,302.4793388
2457,1112,1,247.9338843
2458,1112.167,1,253.7190083
2459,1112.333,1,293.3884298
2460,1112.5,1,336.3636364
2461,1112.667,1,359.5041322
2462,1112.833,1,334.7107438
2463,1113,1,337.1900826
2464,1113.167,1,428.9256198
2465,1113.333,1,177.6859504
2466,1113.5,1,333.0578512
2467,1113.667,1,342.9752066
2468,1113.833,1,399.1735537
2469,1114,1,312.3966942
2470,1114.167,1,371.0743802
2471,1114.333,1,336.3636364
2472,1114.5,1,409.0909091
2473,1114.667,1,346.2809917
2474,1114.833,1,271.9008264
2475,1115,1,336.3636364
2476,1115.167,1,443.8016529
2477,1115.333,1,248.7603306
2478,1115.5,1,377.6859504
2479,1115.667,1,366.9421488
2480,1115.833,1,440.4958678
2481,1116,1,439.6694215
2482,1116.167,1,306.6115702
2483,1116.333,1,331.4049587
2484,1116.5,1,257.8512397
2485,1116.667,1,250.4132231
2486,1116.833,1,361.9834711
2487,1117,1,312.3966942
2488,1117.167,1,417.3553719
2489,1117.333,1,156.1983471
2490,1117.5,1,306.6115702
2491,1117.667,1,355.3719008
2492,1117.833,1,252.0661157
2493,1118,1,257.8512397
2494,1118.167,1,228.0991736
2495,1118.333,1,230.5785124
2496,1118.5,1,237.1900826
